{"cameraMode":{"drawMode":0,"name":"Shaded","section":"Shading Mode"},"sceneLighting":true,"audioPlay":false,"sceneViewState":{"m_AlwaysRefresh":false,"showFog":true,"showSkybox":true,"showFlares":true,"showImageEffects":true,"showParticleSystems":true,"showVisualEffectGraphs":true,"m_FxEnabled":true},"in2DMode":false,"pivot":{"x":44.02281951904297,"y":19.930801391601564,"z":533.1803588867188},"rotation":{"x":0.011995752342045308,"y":0.025495614856481553,"z":-0.0003061385068576783,"w":0.9996024966239929},"size":404.002685546875,"orthographic":true}